{
  "$id": "1",
  "TestTimer": {
    "$id": "2",
    "TestsStartedAt": "2019-01-25T20:38:18.822637+00:00",
    "TestsFinishedAt": "2019-01-25T20:38:19.963919+00:00",
    "ElapsedTime": "00:00:01.1412820"
  },
  "Scenarios": [
    {
      "$id": "3",
      "StartTime": "2019-01-25T20:38:19.9026873+00:00",
      "EndTime": "2019-01-25T20:38:19.913715+00:00",
      "StoryText": {
        "$id": "4",
        "Story": "As a Test User\r\nI want To Test Using the Base Class\r\nSo that Things Work\r\n"
      },
      "ScenarioText": {
        "$id": "5",
        "Scenario": "Asynchronous Scenario Failure"
      },
      "TimeTaken": "0.00:00:00:0110277",
      "Steps": [
        {
          "$id": "6",
          "StartTime": "2019-01-25T20:38:19.9027084+00:00",
          "EndTime": "2019-01-25T20:38:19.9028956+00:00",
          "_stepType": "Given",
          "TimeTaken": "0.00:00:00:0001872",
          "Exception": null,
          "Output": "Action 1\r\n",
          "Status": "Passed",
          "StepText": "Given Action 1"
        },
        {
          "$id": "7",
          "StartTime": "2019-01-25T20:38:19.9029473+00:00",
          "EndTime": "2019-01-25T20:38:19.9030802+00:00",
          "_stepType": "When",
          "TimeTaken": "0.00:00:00:0001329",
          "Exception": null,
          "Output": "Action 2\r\n",
          "Status": "Passed",
          "StepText": "When I perform my second action"
        },
        {
          "$id": "8",
          "StartTime": "2019-01-25T20:38:19.9031296+00:00",
          "EndTime": "2019-01-25T20:38:19.9032577+00:00",
          "_stepType": "Then",
          "TimeTaken": "0.00:00:00:0001281",
          "Exception": null,
          "Output": "Action 3\r\n",
          "Status": "Passed",
          "StepText": "Then Action 3"
        },
        {
          "$id": "9",
          "StartTime": "2019-01-25T20:38:19.9033072+00:00",
          "EndTime": "2019-01-25T20:38:19.90343+00:00",
          "_stepType": "AndThen",
          "TimeTaken": "0.00:00:00:0001228",
          "Exception": null,
          "Output": "Action 4\r\n",
          "Status": "Passed",
          "StepText": "And Action 4"
        },
        {
          "$id": "10",
          "StartTime": "2019-01-25T20:38:19.9034856+00:00",
          "EndTime": "2019-01-25T20:38:19.9038564+00:00",
          "_stepType": "AndThen",
          "TimeTaken": "0.00:00:00:0003708",
          "Exception": {
            "$id": "11",
            "ClassName": "System.Exception",
            "Message": "The test threw an exception",
            "Data": null,
            "InnerException": null,
            "HelpURL": null,
            "StackTraceString": "   at TestTester.TestsUsingBase.Exception(TestContext testContext) in C:\\GitKraken\\BDTest\\TestTester\\TestsUsingBase.cs:line 85\r\n   at BDTest.Test.Step.<Execute>b__25_0()\r\n   at System.Threading.ExecutionContext.RunInternal(ExecutionContext executionContext, ContextCallback callback, Object state)\r\n--- End of stack trace from previous location where exception was thrown ---\r\n   at System.Threading.Tasks.Task.ExecuteWithThreadLocal(Task& currentTaskSlot)",
            "RemoteStackTraceString": null,
            "RemoteStackIndex": 0,
            "ExceptionMethod": null,
            "HResult": -2146233088,
            "Source": "TestTester",
            "WatsonBuckets": null
          },
          "Output": "",
          "Status": "Failed",
          "StepText": "And Exception"
        }
      ],
      "Output": "Action 1\r\n\r\nAction 2\r\n\r\nAction 3\r\n\r\nAction 4\r\n",
      "Status": "Failed"
    },
    {
      "$id": "12",
      "StartTime": "2019-01-25T20:38:19.9388801+00:00",
      "EndTime": "2019-01-25T20:38:19.9403183+00:00",
      "StoryText": {
        "$id": "13",
        "Story": "As a Test User\r\nI want To Test Using the Base Class\r\nSo that Things Work\r\n"
      },
      "ScenarioText": {
        "$id": "14",
        "Scenario": "Test 4"
      },
      "TimeTaken": "0.00:00:00:0014382",
      "Steps": [
        {
          "$id": "15",
          "StartTime": "2019-01-25T20:38:19.9389036+00:00",
          "EndTime": "2019-01-25T20:38:19.9391289+00:00",
          "_stepType": "Given",
          "TimeTaken": "0.00:00:00:0002253",
          "Exception": null,
          "Output": "",
          "Status": "Passed",
          "StepText": "Given Add"
        },
        {
          "$id": "16",
          "StartTime": "2019-01-25T20:38:19.9392206+00:00",
          "EndTime": "2019-01-25T20:38:19.9394479+00:00",
          "_stepType": "When",
          "TimeTaken": "0.00:00:00:0002273",
          "Exception": null,
          "Output": "",
          "Status": "Passed",
          "StepText": "When Add"
        },
        {
          "$id": "17",
          "StartTime": "2019-01-25T20:38:19.9395382+00:00",
          "EndTime": "2019-01-25T20:38:19.9398037+00:00",
          "_stepType": "Then",
          "TimeTaken": "0.00:00:00:0002655",
          "Exception": null,
          "Output": "",
          "Status": "Passed",
          "StepText": "Then Add"
        },
        {
          "$id": "18",
          "StartTime": "2019-01-25T20:38:19.9398941+00:00",
          "EndTime": "2019-01-25T20:38:19.9402264+00:00",
          "_stepType": "AndThen",
          "TimeTaken": "0.00:00:00:0003323",
          "Exception": null,
          "Output": "",
          "Status": "Passed",
          "StepText": "And Number should be"
        }
      ],
      "Output": "",
      "Status": "Passed"
    },
    {
      "$id": "19",
      "StartTime": "2019-01-25T20:38:19.8989978+00:00",
      "EndTime": "2019-01-25T20:38:19.9003476+00:00",
      "StoryText": {
        "$id": "20",
        "Story": "As a Test User\r\nI want To Test Using the Base Class\r\nSo that Things Work\r\n"
      },
      "ScenarioText": {
        "$id": "21",
        "Scenario": "Asynchronous Scenario"
      },
      "TimeTaken": "0.00:00:00:0013498",
      "Steps": [
        {
          "$id": "22",
          "StartTime": "2019-01-25T20:38:19.8990311+00:00",
          "EndTime": "2019-01-25T20:38:19.8993336+00:00",
          "_stepType": "Given",
          "TimeTaken": "0.00:00:00:0003025",
          "Exception": null,
          "Output": "Action 1\r\n",
          "Status": "Passed",
          "StepText": "Given Action 1"
        },
        {
          "$id": "23",
          "StartTime": "2019-01-25T20:38:19.8994504+00:00",
          "EndTime": "2019-01-25T20:38:19.8996594+00:00",
          "_stepType": "When",
          "TimeTaken": "0.00:00:00:0002090",
          "Exception": null,
          "Output": "Action 2\r\n",
          "Status": "Passed",
          "StepText": "When I perform my second action"
        },
        {
          "$id": "24",
          "StartTime": "2019-01-25T20:38:19.8997052+00:00",
          "EndTime": "2019-01-25T20:38:19.9000177+00:00",
          "_stepType": "Then",
          "TimeTaken": "0.00:00:00:0003125",
          "Exception": null,
          "Output": "Action 3\r\n",
          "Status": "Passed",
          "StepText": "Then Action 3"
        },
        {
          "$id": "25",
          "StartTime": "2019-01-25T20:38:19.9000751+00:00",
          "EndTime": "2019-01-25T20:38:19.9002985+00:00",
          "_stepType": "AndThen",
          "TimeTaken": "0.00:00:00:0002234",
          "Exception": null,
          "Output": "Action 4\r\n",
          "Status": "Passed",
          "StepText": "And Action 4"
        }
      ],
      "Output": "Action 1\r\n\r\nAction 2\r\n\r\nAction 3\r\n\r\nAction 4\r\n",
      "Status": "Passed"
    },
    {
      "$id": "26",
      "StartTime": "2019-01-25T20:38:19.9265758+00:00",
      "EndTime": "2019-01-25T20:38:19.9280073+00:00",
      "StoryText": {
        "$id": "27",
        "Story": "As a Test User\r\nI want To Test Using the Base Class\r\nSo that Things Work\r\n"
      },
      "ScenarioText": {
        "$id": "28",
        "Scenario": "Exception test"
      },
      "TimeTaken": "0.00:00:00:0014315",
      "Steps": [
        {
          "$id": "29",
          "StartTime": "2019-01-25T20:38:19.9265974+00:00",
          "EndTime": "2019-01-25T20:38:19.9269115+00:00",
          "_stepType": "Given",
          "TimeTaken": "0.00:00:00:0003141",
          "Exception": null,
          "Output": "",
          "Status": "Passed",
          "StepText": "Given Add"
        },
        {
          "$id": "30",
          "StartTime": "2019-01-25T20:38:19.9269736+00:00",
          "EndTime": "2019-01-25T20:38:19.9271737+00:00",
          "_stepType": "When",
          "TimeTaken": "0.00:00:00:0002001",
          "Exception": null,
          "Output": "",
          "Status": "Passed",
          "StepText": "When Add"
        },
        {
          "$id": "31",
          "StartTime": "2019-01-25T20:38:19.9272337+00:00",
          "EndTime": "2019-01-25T20:38:19.9274267+00:00",
          "_stepType": "Then",
          "TimeTaken": "0.00:00:00:0001930",
          "Exception": null,
          "Output": "",
          "Status": "Passed",
          "StepText": "Then Add"
        },
        {
          "$id": "32",
          "StartTime": "2019-01-25T20:38:19.9274865+00:00",
          "EndTime": "2019-01-25T20:38:19.9277954+00:00",
          "_stepType": "AndThen",
          "TimeTaken": "0.00:00:00:0003089",
          "Exception": {
            "$id": "33",
            "ClassName": "System.Exception",
            "Message": "The test threw an exception",
            "Data": null,
            "InnerException": null,
            "HelpURL": null,
            "StackTraceString": "   at TestTester.TestsUsingBase.Exception(TestContext testContext) in C:\\GitKraken\\BDTest\\TestTester\\TestsUsingBase.cs:line 85\r\n   at BDTest.Test.Step.<Execute>b__25_0()\r\n   at System.Threading.ExecutionContext.RunInternal(ExecutionContext executionContext, ContextCallback callback, Object state)\r\n--- End of stack trace from previous location where exception was thrown ---\r\n   at System.Threading.Tasks.Task.ExecuteWithThreadLocal(Task& currentTaskSlot)",
            "RemoteStackTraceString": null,
            "RemoteStackIndex": 0,
            "ExceptionMethod": null,
            "HResult": -2146233088,
            "Source": "TestTester",
            "WatsonBuckets": null
          },
          "Output": "",
          "Status": "Failed",
          "StepText": "And Exception"
        }
      ],
      "Output": "",
      "Status": "Failed"
    },
    {
      "$id": "34",
      "StartTime": "2019-01-25T20:38:19.963919+00:00",
      "EndTime": "2019-01-25T20:38:19.9692544+00:00",
      "StoryText": {
        "$id": "35",
        "Story": "As a Test User\r\nI want To Test using the Test Builder\r\nSo that Things Work\r\n"
      },
      "ScenarioText": {
        "$id": "36",
        "Scenario": "Test 5"
      },
      "TimeTaken": "0.00:00:00:0053354",
      "Steps": [
        {
          "$id": "37",
          "StartTime": "2019-01-25T20:38:19.9639422+00:00",
          "EndTime": "2019-01-25T20:38:19.9642048+00:00",
          "_stepType": "Given",
          "TimeTaken": "0.00:00:00:0002626",
          "Exception": null,
          "Output": "",
          "Status": "Passed",
          "StepText": "Given Add"
        },
        {
          "$id": "38",
          "StartTime": "2019-01-25T20:38:19.9643363+00:00",
          "EndTime": "2019-01-25T20:38:19.9682785+00:00",
          "_stepType": "When",
          "TimeTaken": "0.00:00:00:0039422",
          "Exception": null,
          "Output": "",
          "Status": "Passed",
          "StepText": "When Add"
        },
        {
          "$id": "39",
          "StartTime": "2019-01-25T20:38:19.9684154+00:00",
          "EndTime": "2019-01-25T20:38:19.9686833+00:00",
          "_stepType": "Then",
          "TimeTaken": "0.00:00:00:0002679",
          "Exception": null,
          "Output": "",
          "Status": "Passed",
          "StepText": "Then Add"
        },
        {
          "$id": "40",
          "StartTime": "2019-01-25T20:38:19.9688547+00:00",
          "EndTime": "2019-01-25T20:38:19.9691139+00:00",
          "_stepType": "AndThen",
          "TimeTaken": "0.00:00:00:0002592",
          "Exception": null,
          "Output": "",
          "Status": "Passed",
          "StepText": "And Number should be"
        }
      ],
      "Output": "",
      "Status": "Passed"
    },
    {
      "$id": "41",
      "StartTime": "2019-01-25T20:38:18.822637+00:00",
      "EndTime": "2019-01-25T20:38:18.8357208+00:00",
      "StoryText": {
        "$id": "42",
        "Story": "As a context\r\nI want to be unique\r\nSo that tests can run independently\r\n"
      },
      "ScenarioText": {
        "$id": "43",
        "Scenario": "Test"
      },
      "TimeTaken": "0.00:00:00:0130838",
      "Steps": [
        {
          "$id": "44",
          "StartTime": "2019-01-25T20:38:18.8250053+00:00",
          "EndTime": "2019-01-25T20:38:18.8300094+00:00",
          "_stepType": "Given",
          "TimeTaken": "0.00:00:00:0050041",
          "Exception": null,
          "Output": "",
          "Status": "Passed",
          "StepText": "Given I do something"
        },
        {
          "$id": "45",
          "StartTime": "2019-01-25T20:38:18.8350218+00:00",
          "EndTime": "2019-01-25T20:38:18.8352361+00:00",
          "_stepType": "When",
          "TimeTaken": "0.00:00:00:0002143",
          "Exception": null,
          "Output": "",
          "Status": "Passed",
          "StepText": "When I do something"
        },
        {
          "$id": "46",
          "StartTime": "2019-01-25T20:38:18.8352574+00:00",
          "EndTime": "2019-01-25T20:38:18.8356917+00:00",
          "_stepType": "Then",
          "TimeTaken": "0.00:00:00:0004343",
          "Exception": null,
          "Output": "",
          "Status": "Passed",
          "StepText": "Then the context should be new"
        }
      ],
      "Output": "",
      "Status": "Passed"
    },
    {
      "$id": "47",
      "StartTime": "2019-01-25T20:38:18.8661467+00:00",
      "EndTime": "2019-01-25T20:38:18.8960481+00:00",
      "StoryText": {
        "$id": "48",
        "Story": "As a Test User\r\nI want To Test Using the Base Class\r\nSo that Things Work\r\n"
      },
      "ScenarioText": {
        "$id": "49",
        "Scenario": "Test 1"
      },
      "TimeTaken": "0.00:00:00:0299014",
      "Steps": [
        {
          "$id": "50",
          "StartTime": "2019-01-25T20:38:18.8661808+00:00",
          "EndTime": "2019-01-25T20:38:18.8674268+00:00",
          "_stepType": "Given",
          "TimeTaken": "0.00:00:00:0012460",
          "Exception": null,
          "Output": "",
          "Status": "Passed",
          "StepText": "Given Add"
        },
        {
          "$id": "51",
          "StartTime": "2019-01-25T20:38:18.8674592+00:00",
          "EndTime": "2019-01-25T20:38:18.867869+00:00",
          "_stepType": "When",
          "TimeTaken": "0.00:00:00:0004098",
          "Exception": null,
          "Output": "",
          "Status": "Passed",
          "StepText": "When Add"
        },
        {
          "$id": "52",
          "StartTime": "2019-01-25T20:38:18.8679437+00:00",
          "EndTime": "2019-01-25T20:38:18.8959576+00:00",
          "_stepType": "Then",
          "TimeTaken": "0.00:00:00:0280139",
          "Exception": null,
          "Output": "",
          "Status": "Passed",
          "StepText": "Then Number should be"
        }
      ],
      "Output": "",
      "Status": "Passed"
    },
    {
      "$id": "53",
      "StartTime": "2019-01-25T20:38:18.8685253+00:00",
      "EndTime": "2019-01-25T20:38:18.8961534+00:00",
      "StoryText": {
        "$id": "54",
        "Story": "As a Test User\r\nI want To Test Using the Base Class\r\nSo that Things Work\r\n"
      },
      "ScenarioText": {
        "$id": "55",
        "Scenario": "Test 2"
      },
      "TimeTaken": "0.00:00:00:0276281",
      "Steps": [
        {
          "$id": "56",
          "StartTime": "2019-01-25T20:38:18.8685568+00:00",
          "EndTime": "2019-01-25T20:38:18.8689482+00:00",
          "_stepType": "Given",
          "TimeTaken": "0.00:00:00:0003914",
          "Exception": null,
          "Output": "",
          "Status": "Passed",
          "StepText": "Given Add"
        },
        {
          "$id": "57",
          "StartTime": "2019-01-25T20:38:18.8689938+00:00",
          "EndTime": "2019-01-25T20:38:18.8693923+00:00",
          "_stepType": "AndGiven",
          "TimeTaken": "0.00:00:00:0003985",
          "Exception": null,
          "Output": "",
          "Status": "Passed",
          "StepText": "And Add"
        },
        {
          "$id": "58",
          "StartTime": "2019-01-25T20:38:18.8694427+00:00",
          "EndTime": "2019-01-25T20:38:18.8698924+00:00",
          "_stepType": "AndGiven",
          "TimeTaken": "0.00:00:00:0004497",
          "Exception": null,
          "Output": "",
          "Status": "Passed",
          "StepText": "And Add"
        },
        {
          "$id": "59",
          "StartTime": "2019-01-25T20:38:18.8699235+00:00",
          "EndTime": "2019-01-25T20:38:18.870203+00:00",
          "_stepType": "AndGiven",
          "TimeTaken": "0.00:00:00:0002795",
          "Exception": null,
          "Output": "",
          "Status": "Passed",
          "StepText": "And Add"
        },
        {
          "$id": "60",
          "StartTime": "2019-01-25T20:38:18.8702347+00:00",
          "EndTime": "2019-01-25T20:38:18.8704672+00:00",
          "_stepType": "When",
          "TimeTaken": "0.00:00:00:0002325",
          "Exception": null,
          "Output": "",
          "Status": "Passed",
          "StepText": "When Add"
        },
        {
          "$id": "61",
          "StartTime": "2019-01-25T20:38:18.8704968+00:00",
          "EndTime": "2019-01-25T20:38:18.8959576+00:00",
          "_stepType": "Then",
          "TimeTaken": "0.00:00:00:0254608",
          "Exception": null,
          "Output": "",
          "Status": "Passed",
          "StepText": "Then Number should be"
        }
      ],
      "Output": "",
      "Status": "Passed"
    },
    {
      "$id": "62",
      "StartTime": "2019-01-25T20:38:18.8679502+00:00",
      "EndTime": "2019-01-25T20:38:18.8960534+00:00",
      "StoryText": {
        "$id": "63",
        "Story": "As a Test User\r\nI want To Test Using the Base Class\r\nSo that Things Work\r\n"
      },
      "ScenarioText": {
        "$id": "64",
        "Scenario": "Test 3"
      },
      "TimeTaken": "0.00:00:00:0281032",
      "Steps": [
        {
          "$id": "65",
          "StartTime": "2019-01-25T20:38:18.8681214+00:00",
          "EndTime": "2019-01-25T20:38:18.8687199+00:00",
          "_stepType": "Given",
          "TimeTaken": "0.00:00:00:0005985",
          "Exception": null,
          "Output": "",
          "Status": "Passed",
          "StepText": "Given Add"
        },
        {
          "$id": "66",
          "StartTime": "2019-01-25T20:38:18.8687577+00:00",
          "EndTime": "2019-01-25T20:38:18.8691223+00:00",
          "_stepType": "AndGiven",
          "TimeTaken": "0.00:00:00:0003646",
          "Exception": null,
          "Output": "",
          "Status": "Passed",
          "StepText": "And Add"
        },
        {
          "$id": "67",
          "StartTime": "2019-01-25T20:38:18.8691618+00:00",
          "EndTime": "2019-01-25T20:38:18.8696303+00:00",
          "_stepType": "AndGiven",
          "TimeTaken": "0.00:00:00:0004685",
          "Exception": null,
          "Output": "",
          "Status": "Passed",
          "StepText": "And Add"
        },
        {
          "$id": "68",
          "StartTime": "2019-01-25T20:38:18.8696766+00:00",
          "EndTime": "2019-01-25T20:38:18.8700917+00:00",
          "_stepType": "AndGiven",
          "TimeTaken": "0.00:00:00:0004151",
          "Exception": null,
          "Output": "",
          "Status": "Passed",
          "StepText": "And Add"
        },
        {
          "$id": "69",
          "StartTime": "2019-01-25T20:38:18.8701393+00:00",
          "EndTime": "2019-01-25T20:38:18.8707855+00:00",
          "_stepType": "AndGiven",
          "TimeTaken": "0.00:00:00:0006462",
          "Exception": null,
          "Output": "",
          "Status": "Passed",
          "StepText": "And Add"
        },
        {
          "$id": "70",
          "StartTime": "2019-01-25T20:38:18.8708224+00:00",
          "EndTime": "2019-01-25T20:38:18.8712228+00:00",
          "_stepType": "AndGiven",
          "TimeTaken": "0.00:00:00:0004004",
          "Exception": null,
          "Output": "",
          "Status": "Passed",
          "StepText": "And Add"
        },
        {
          "$id": "71",
          "StartTime": "2019-01-25T20:38:18.8712761+00:00",
          "EndTime": "2019-01-25T20:38:18.8719098+00:00",
          "_stepType": "AndGiven",
          "TimeTaken": "0.00:00:00:0006337",
          "Exception": null,
          "Output": "",
          "Status": "Passed",
          "StepText": "And Add"
        },
        {
          "$id": "72",
          "StartTime": "2019-01-25T20:38:18.8719559+00:00",
          "EndTime": "2019-01-25T20:38:18.8725819+00:00",
          "_stepType": "AndGiven",
          "TimeTaken": "0.00:00:00:0006260",
          "Exception": null,
          "Output": "",
          "Status": "Passed",
          "StepText": "And Add"
        },
        {
          "$id": "73",
          "StartTime": "2019-01-25T20:38:18.8726317+00:00",
          "EndTime": "2019-01-25T20:38:18.8762408+00:00",
          "_stepType": "AndGiven",
          "TimeTaken": "0.00:00:00:0036091",
          "Exception": null,
          "Output": "",
          "Status": "Passed",
          "StepText": "And Add"
        },
        {
          "$id": "74",
          "StartTime": "2019-01-25T20:38:18.8762988+00:00",
          "EndTime": "2019-01-25T20:38:18.8769321+00:00",
          "_stepType": "When",
          "TimeTaken": "0.00:00:00:0006333",
          "Exception": null,
          "Output": "",
          "Status": "Passed",
          "StepText": "When Add"
        },
        {
          "$id": "75",
          "StartTime": "2019-01-25T20:38:18.8769884+00:00",
          "EndTime": "2019-01-25T20:38:18.895968+00:00",
          "_stepType": "Then",
          "TimeTaken": "0.00:00:00:0189796",
          "Exception": null,
          "Output": "",
          "Status": "Passed",
          "StepText": "Then Number should be"
        }
      ],
      "Output": "",
      "Status": "Passed"
    },
    {
      "$id": "76",
      "StartTime": "2019-01-25T20:38:19.9464103+00:00",
      "EndTime": "2019-01-25T20:38:19.9481766+00:00",
      "StoryText": {
        "$id": "77",
        "Story": "As a Test User\r\nI want To Test using the Test Builder\r\nSo that Things Work\r\n"
      },
      "ScenarioText": {
        "$id": "78",
        "Scenario": "Exception test"
      },
      "TimeTaken": "0.00:00:00:0017663",
      "Steps": [
        {
          "$id": "79",
          "StartTime": "2019-01-25T20:38:19.9464338+00:00",
          "EndTime": "2019-01-25T20:38:19.946754+00:00",
          "_stepType": "Given",
          "TimeTaken": "0.00:00:00:0003202",
          "Exception": null,
          "Output": "",
          "Status": "Passed",
          "StepText": "Given Add"
        },
        {
          "$id": "80",
          "StartTime": "2019-01-25T20:38:19.9468649+00:00",
          "EndTime": "2019-01-25T20:38:19.9470993+00:00",
          "_stepType": "When",
          "TimeTaken": "0.00:00:00:0002344",
          "Exception": null,
          "Output": "",
          "Status": "Passed",
          "StepText": "When Add"
        },
        {
          "$id": "81",
          "StartTime": "2019-01-25T20:38:19.947209+00:00",
          "EndTime": "2019-01-25T20:38:19.9474181+00:00",
          "_stepType": "Then",
          "TimeTaken": "0.00:00:00:0002091",
          "Exception": null,
          "Output": "",
          "Status": "Passed",
          "StepText": "Then Add"
        },
        {
          "$id": "82",
          "StartTime": "2019-01-25T20:38:19.9475169+00:00",
          "EndTime": "2019-01-25T20:38:19.9478939+00:00",
          "_stepType": "AndThen",
          "TimeTaken": "0.00:00:00:0003770",
          "Exception": {
            "$id": "83",
            "ClassName": "System.Exception",
            "Message": "",
            "Data": null,
            "InnerException": null,
            "HelpURL": null,
            "StackTraceString": "   at TestTester.TestsUsingBuilder.Exception(TestContext testContext) in C:\\GitKraken\\BDTest\\TestTester\\TestsUsingBuilder.cs:line 57\r\n   at BDTest.Test.Step.<Execute>b__25_0()\r\n   at System.Threading.ExecutionContext.RunInternal(ExecutionContext executionContext, ContextCallback callback, Object state)\r\n--- End of stack trace from previous location where exception was thrown ---\r\n   at System.Threading.Tasks.Task.ExecuteWithThreadLocal(Task& currentTaskSlot)",
            "RemoteStackTraceString": null,
            "RemoteStackIndex": 0,
            "ExceptionMethod": null,
            "HResult": -2146233088,
            "Source": "TestTester",
            "WatsonBuckets": null
          },
          "Output": "",
          "Status": "Failed",
          "StepText": "And Exception"
        }
      ],
      "Output": "",
      "Status": "Failed"
    },
    {
      "$id": "84",
      "StartTime": "2019-01-25T20:38:19.9311413+00:00",
      "EndTime": "2019-01-25T20:38:19.9328869+00:00",
      "StoryText": {
        "$id": "85",
        "Story": "As a Test User\r\nI want To Test Using the Base Class\r\nSo that Things Work\r\n"
      },
      "ScenarioText": {
        "$id": "86",
        "Scenario": "Not implemented test"
      },
      "TimeTaken": "0.00:00:00:0017456",
      "Steps": [
        {
          "$id": "87",
          "StartTime": "2019-01-25T20:38:19.9311717+00:00",
          "EndTime": "2019-01-25T20:38:19.9314938+00:00",
          "_stepType": "Given",
          "TimeTaken": "0.00:00:00:0003221",
          "Exception": null,
          "Output": "",
          "Status": "Passed",
          "StepText": "Given Add"
        },
        {
          "$id": "88",
          "StartTime": "2019-01-25T20:38:19.9316258+00:00",
          "EndTime": "2019-01-25T20:38:19.9319177+00:00",
          "_stepType": "When",
          "TimeTaken": "0.00:00:00:0002919",
          "Exception": null,
          "Output": "",
          "Status": "Passed",
          "StepText": "When Add"
        },
        {
          "$id": "89",
          "StartTime": "2019-01-25T20:38:19.9319941+00:00",
          "EndTime": "2019-01-25T20:38:19.9322299+00:00",
          "_stepType": "Then",
          "TimeTaken": "0.00:00:00:0002358",
          "Exception": null,
          "Output": "",
          "Status": "Passed",
          "StepText": "Then Add"
        },
        {
          "$id": "90",
          "StartTime": "2019-01-25T20:38:19.9323012+00:00",
          "EndTime": "2019-01-25T20:38:19.9326615+00:00",
          "_stepType": "AndThen",
          "TimeTaken": "0.00:00:00:0003603",
          "Exception": {
            "$id": "91",
            "ClassName": "System.NotImplementedException",
            "Message": "The method or operation is not implemented.",
            "Data": null,
            "InnerException": null,
            "HelpURL": null,
            "StackTraceString": "   at TestTester.TestsUsingBase.NotImplemented(TestContext context) in C:\\GitKraken\\BDTest\\TestTester\\TestsUsingBase.cs:line 96\r\n   at BDTest.Test.Step.<Execute>b__25_0()\r\n   at System.Threading.ExecutionContext.RunInternal(ExecutionContext executionContext, ContextCallback callback, Object state)\r\n--- End of stack trace from previous location where exception was thrown ---\r\n   at System.Threading.Tasks.Task.ExecuteWithThreadLocal(Task& currentTaskSlot)",
            "RemoteStackTraceString": null,
            "RemoteStackIndex": 0,
            "ExceptionMethod": null,
            "HResult": -2147467263,
            "Source": "TestTester",
            "WatsonBuckets": null
          },
          "Output": "",
          "Status": "NotImplemented",
          "StepText": "And Not implemented"
        }
      ],
      "Output": "",
      "Status": "Failed"
    },
    {
      "$id": "92",
      "StartTime": "2019-01-25T20:38:19.9557611+00:00",
      "EndTime": "2019-01-25T20:38:19.9572306+00:00",
      "StoryText": {
        "$id": "93",
        "Story": "As a Test User\r\nI want To Test using the Test Builder\r\nSo that Things Work\r\n"
      },
      "ScenarioText": {
        "$id": "94",
        "Scenario": "Custom Scenario"
      },
      "TimeTaken": "0.00:00:00:0014695",
      "Steps": [
        {
          "$id": "95",
          "StartTime": "2019-01-25T20:38:19.9557908+00:00",
          "EndTime": "2019-01-25T20:38:19.9561397+00:00",
          "_stepType": "Given",
          "TimeTaken": "0.00:00:00:0003489",
          "Exception": null,
          "Output": "yo\r\n",
          "Status": "Passed",
          "StepText": "Given Action 1"
        },
        {
          "$id": "96",
          "StartTime": "2019-01-25T20:38:19.9563152+00:00",
          "EndTime": "2019-01-25T20:38:19.9565142+00:00",
          "_stepType": "When",
          "TimeTaken": "0.00:00:00:0001990",
          "Exception": null,
          "Output": "2\r\n",
          "Status": "Passed",
          "StepText": "When Action 2 is custom text"
        },
        {
          "$id": "97",
          "StartTime": "2019-01-25T20:38:19.9566413+00:00",
          "EndTime": "2019-01-25T20:38:19.9568458+00:00",
          "_stepType": "Then",
          "TimeTaken": "0.00:00:00:0002045",
          "Exception": null,
          "Output": "3\r\n",
          "Status": "Passed",
          "StepText": "Then Action 3"
        },
        {
          "$id": "98",
          "StartTime": "2019-01-25T20:38:19.9569662+00:00",
          "EndTime": "2019-01-25T20:38:19.9571029+00:00",
          "_stepType": "AndThen",
          "TimeTaken": "0.00:00:00:0001367",
          "Exception": null,
          "Output": "3\r\n",
          "Status": "Passed",
          "StepText": "And Action 3"
        }
      ],
      "Output": "yo\r\n\r\n2\r\n\r\n3\r\n\r\n3\r\n",
      "Status": "Passed"
    },
    {
      "$id": "99",
      "StartTime": "2019-01-25T20:38:19.9358096+00:00",
      "EndTime": "2019-01-25T20:38:19.9369095+00:00",
      "StoryText": {
        "$id": "100",
        "Story": "As a Test User\r\nI want To Test Using the Base Class\r\nSo that Things Work\r\n"
      },
      "ScenarioText": {
        "$id": "101",
        "Scenario": "Custom Scenario"
      },
      "TimeTaken": "0.00:00:00:0010999",
      "Steps": [
        {
          "$id": "102",
          "StartTime": "2019-01-25T20:38:19.9358377+00:00",
          "EndTime": "2019-01-25T20:38:19.9360357+00:00",
          "_stepType": "Given",
          "TimeTaken": "0.00:00:00:0001980",
          "Exception": null,
          "Output": "Action 1\r\n",
          "Status": "Passed",
          "StepText": "Given Action 1"
        },
        {
          "$id": "103",
          "StartTime": "2019-01-25T20:38:19.9361215+00:00",
          "EndTime": "2019-01-25T20:38:19.9362862+00:00",
          "_stepType": "When",
          "TimeTaken": "0.00:00:00:0001647",
          "Exception": null,
          "Output": "Action 2\r\n",
          "Status": "Passed",
          "StepText": "When I perform my second action"
        },
        {
          "$id": "104",
          "StartTime": "2019-01-25T20:38:19.9363767+00:00",
          "EndTime": "2019-01-25T20:38:19.936542+00:00",
          "_stepType": "Then",
          "TimeTaken": "0.00:00:00:0001653",
          "Exception": null,
          "Output": "Action 3\r\n",
          "Status": "Passed",
          "StepText": "Then Action 3"
        },
        {
          "$id": "105",
          "StartTime": "2019-01-25T20:38:19.936633+00:00",
          "EndTime": "2019-01-25T20:38:19.9368236+00:00",
          "_stepType": "AndThen",
          "TimeTaken": "0.00:00:00:0001906",
          "Exception": null,
          "Output": "Action 4\r\n",
          "Status": "Passed",
          "StepText": "And Action 4"
        }
      ],
      "Output": "Action 1\r\n\r\nAction 2\r\n\r\nAction 3\r\n\r\nAction 4\r\n",
      "Status": "Passed"
    },
    {
      "$id": "106",
      "StartTime": "2019-01-25T20:38:19.9428591+00:00",
      "EndTime": "2019-01-25T20:38:19.9441605+00:00",
      "StoryText": {
        "$id": "107",
        "Story": "As a Test User\r\nI want To Test Using the Base Class\r\nSo that Things Work\r\n"
      },
      "ScenarioText": {
        "$id": "108",
        "Scenario": "Test 5"
      },
      "TimeTaken": "0.00:00:00:0013014",
      "Steps": [
        {
          "$id": "109",
          "StartTime": "2019-01-25T20:38:19.9428838+00:00",
          "EndTime": "2019-01-25T20:38:19.9431297+00:00",
          "_stepType": "Given",
          "TimeTaken": "0.00:00:00:0002459",
          "Exception": null,
          "Output": "",
          "Status": "Passed",
          "StepText": "Given Add"
        },
        {
          "$id": "110",
          "StartTime": "2019-01-25T20:38:19.9432248+00:00",
          "EndTime": "2019-01-25T20:38:19.9434357+00:00",
          "_stepType": "When",
          "TimeTaken": "0.00:00:00:0002109",
          "Exception": null,
          "Output": "",
          "Status": "Passed",
          "StepText": "When Add"
        },
        {
          "$id": "111",
          "StartTime": "2019-01-25T20:38:19.9435288+00:00",
          "EndTime": "2019-01-25T20:38:19.9437533+00:00",
          "_stepType": "Then",
          "TimeTaken": "0.00:00:00:0002245",
          "Exception": null,
          "Output": "",
          "Status": "Passed",
          "StepText": "Then Add"
        },
        {
          "$id": "112",
          "StartTime": "2019-01-25T20:38:19.9438455+00:00",
          "EndTime": "2019-01-25T20:38:19.9440641+00:00",
          "_stepType": "AndThen",
          "TimeTaken": "0.00:00:00:0002186",
          "Exception": null,
          "Output": "",
          "Status": "Passed",
          "StepText": "And Number should be"
        }
      ],
      "Output": "",
      "Status": "Passed"
    },
    {
      "$id": "113",
      "StartTime": "2019-01-25T20:38:19.9599556+00:00",
      "EndTime": "2019-01-25T20:38:19.9618496+00:00",
      "StoryText": {
        "$id": "114",
        "Story": "As a Test User\r\nI want To Test using the Test Builder\r\nSo that Things Work\r\n"
      },
      "ScenarioText": {
        "$id": "115",
        "Scenario": "Test 4"
      },
      "TimeTaken": "0.00:00:00:0018940",
      "Steps": [
        {
          "$id": "116",
          "StartTime": "2019-01-25T20:38:19.959982+00:00",
          "EndTime": "2019-01-25T20:38:19.9602417+00:00",
          "_stepType": "Given",
          "TimeTaken": "0.00:00:00:0002597",
          "Exception": null,
          "Output": "",
          "Status": "Passed",
          "StepText": "Given Add"
        },
        {
          "$id": "117",
          "StartTime": "2019-01-25T20:38:19.9603696+00:00",
          "EndTime": "2019-01-25T20:38:19.9605818+00:00",
          "_stepType": "When",
          "TimeTaken": "0.00:00:00:0002122",
          "Exception": null,
          "Output": "",
          "Status": "Passed",
          "StepText": "When Add"
        },
        {
          "$id": "118",
          "StartTime": "2019-01-25T20:38:19.9607708+00:00",
          "EndTime": "2019-01-25T20:38:19.9610905+00:00",
          "_stepType": "Then",
          "TimeTaken": "0.00:00:00:0003197",
          "Exception": null,
          "Output": "",
          "Status": "Passed",
          "StepText": "Then Add"
        },
        {
          "$id": "119",
          "StartTime": "2019-01-25T20:38:19.9612664+00:00",
          "EndTime": "2019-01-25T20:38:19.9617074+00:00",
          "_stepType": "AndThen",
          "TimeTaken": "0.00:00:00:0004410",
          "Exception": null,
          "Output": "",
          "Status": "Passed",
          "StepText": "And Number should be"
        }
      ],
      "Output": "",
      "Status": "Passed"
    },
    {
      "$id": "120",
      "StartTime": "2019-01-25T20:38:18.8711792+00:00",
      "EndTime": "2019-01-25T20:38:18.8960404+00:00",
      "StoryText": {
        "$id": "121",
        "Story": "As a Test User\r\nI want To Test Using the Base Class\r\nSo that Things Work\r\n"
      },
      "ScenarioText": {
        "$id": "122",
        "Scenario": "Test 4"
      },
      "TimeTaken": "0.00:00:00:0248612",
      "Steps": [
        {
          "$id": "123",
          "StartTime": "2019-01-25T20:38:18.8712776+00:00",
          "EndTime": "2019-01-25T20:38:18.8733662+00:00",
          "_stepType": "Given",
          "TimeTaken": "0.00:00:00:0020886",
          "Exception": null,
          "Output": "",
          "Status": "Passed",
          "StepText": "Given Add"
        },
        {
          "$id": "124",
          "StartTime": "2019-01-25T20:38:18.8734403+00:00",
          "EndTime": "2019-01-25T20:38:18.8738178+00:00",
          "_stepType": "AndGiven",
          "TimeTaken": "0.00:00:00:0003775",
          "Exception": null,
          "Output": "",
          "Status": "Passed",
          "StepText": "And Add"
        },
        {
          "$id": "125",
          "StartTime": "2019-01-25T20:38:18.8738682+00:00",
          "EndTime": "2019-01-25T20:38:18.8769308+00:00",
          "_stepType": "AndGiven",
          "TimeTaken": "0.00:00:00:0030626",
          "Exception": null,
          "Output": "",
          "Status": "Passed",
          "StepText": "And Add"
        },
        {
          "$id": "126",
          "StartTime": "2019-01-25T20:38:18.877095+00:00",
          "EndTime": "2019-01-25T20:38:18.8777732+00:00",
          "_stepType": "AndGiven",
          "TimeTaken": "0.00:00:00:0006782",
          "Exception": null,
          "Output": "",
          "Status": "Passed",
          "StepText": "And Add"
        },
        {
          "$id": "127",
          "StartTime": "2019-01-25T20:38:18.877823+00:00",
          "EndTime": "2019-01-25T20:38:18.8782937+00:00",
          "_stepType": "AndGiven",
          "TimeTaken": "0.00:00:00:0004707",
          "Exception": null,
          "Output": "",
          "Status": "Passed",
          "StepText": "And Add"
        },
        {
          "$id": "128",
          "StartTime": "2019-01-25T20:38:18.8783644+00:00",
          "EndTime": "2019-01-25T20:38:18.8851612+00:00",
          "_stepType": "AndGiven",
          "TimeTaken": "0.00:00:00:0067968",
          "Exception": null,
          "Output": "",
          "Status": "Passed",
          "StepText": "And Add"
        },
        {
          "$id": "129",
          "StartTime": "2019-01-25T20:38:18.8852245+00:00",
          "EndTime": "2019-01-25T20:38:18.8856446+00:00",
          "_stepType": "AndGiven",
          "TimeTaken": "0.00:00:00:0004201",
          "Exception": null,
          "Output": "",
          "Status": "Passed",
          "StepText": "And Add"
        },
        {
          "$id": "130",
          "StartTime": "2019-01-25T20:38:18.8856944+00:00",
          "EndTime": "2019-01-25T20:38:18.8862884+00:00",
          "_stepType": "AndGiven",
          "TimeTaken": "0.00:00:00:0005940",
          "Exception": null,
          "Output": "",
          "Status": "Passed",
          "StepText": "And Add"
        },
        {
          "$id": "131",
          "StartTime": "2019-01-25T20:38:18.8863326+00:00",
          "EndTime": "2019-01-25T20:38:18.8866318+00:00",
          "_stepType": "AndGiven",
          "TimeTaken": "0.00:00:00:0002992",
          "Exception": null,
          "Output": "",
          "Status": "Passed",
          "StepText": "And Add"
        },
        {
          "$id": "132",
          "StartTime": "2019-01-25T20:38:18.8866821+00:00",
          "EndTime": "2019-01-25T20:38:18.8869697+00:00",
          "_stepType": "AndGiven",
          "TimeTaken": "0.00:00:00:0002876",
          "Exception": null,
          "Output": "",
          "Status": "Passed",
          "StepText": "And Add"
        },
        {
          "$id": "133",
          "StartTime": "2019-01-25T20:38:18.8870214+00:00",
          "EndTime": "2019-01-25T20:38:18.8874878+00:00",
          "_stepType": "AndGiven",
          "TimeTaken": "0.00:00:00:0004664",
          "Exception": null,
          "Output": "",
          "Status": "Passed",
          "StepText": "And Add"
        },
        {
          "$id": "134",
          "StartTime": "2019-01-25T20:38:18.8875528+00:00",
          "EndTime": "2019-01-25T20:38:18.8879787+00:00",
          "_stepType": "AndGiven",
          "TimeTaken": "0.00:00:00:0004259",
          "Exception": null,
          "Output": "",
          "Status": "Passed",
          "StepText": "And Add"
        },
        {
          "$id": "135",
          "StartTime": "2019-01-25T20:38:18.8880499+00:00",
          "EndTime": "2019-01-25T20:38:18.888448+00:00",
          "_stepType": "AndGiven",
          "TimeTaken": "0.00:00:00:0003981",
          "Exception": null,
          "Output": "",
          "Status": "Passed",
          "StepText": "And Add"
        },
        {
          "$id": "136",
          "StartTime": "2019-01-25T20:38:18.888498+00:00",
          "EndTime": "2019-01-25T20:38:18.889027+00:00",
          "_stepType": "AndGiven",
          "TimeTaken": "0.00:00:00:0005290",
          "Exception": null,
          "Output": "",
          "Status": "Passed",
          "StepText": "And Add"
        },
        {
          "$id": "137",
          "StartTime": "2019-01-25T20:38:18.8891292+00:00",
          "EndTime": "2019-01-25T20:38:18.8896939+00:00",
          "_stepType": "AndGiven",
          "TimeTaken": "0.00:00:00:0005647",
          "Exception": null,
          "Output": "",
          "Status": "Passed",
          "StepText": "And Add"
        },
        {
          "$id": "138",
          "StartTime": "2019-01-25T20:38:18.8897583+00:00",
          "EndTime": "2019-01-25T20:38:18.8903459+00:00",
          "_stepType": "AndGiven",
          "TimeTaken": "0.00:00:00:0005876",
          "Exception": null,
          "Output": "",
          "Status": "Passed",
          "StepText": "And Add"
        },
        {
          "$id": "139",
          "StartTime": "2019-01-25T20:38:18.890397+00:00",
          "EndTime": "2019-01-25T20:38:18.8908125+00:00",
          "_stepType": "AndGiven",
          "TimeTaken": "0.00:00:00:0004155",
          "Exception": null,
          "Output": "",
          "Status": "Passed",
          "StepText": "And Add"
        },
        {
          "$id": "140",
          "StartTime": "2019-01-25T20:38:18.8908561+00:00",
          "EndTime": "2019-01-25T20:38:18.8913784+00:00",
          "_stepType": "AndGiven",
          "TimeTaken": "0.00:00:00:0005223",
          "Exception": null,
          "Output": "",
          "Status": "Passed",
          "StepText": "And Add"
        },
        {
          "$id": "141",
          "StartTime": "2019-01-25T20:38:18.8914337+00:00",
          "EndTime": "2019-01-25T20:38:18.8918369+00:00",
          "_stepType": "AndGiven",
          "TimeTaken": "0.00:00:00:0004032",
          "Exception": null,
          "Output": "",
          "Status": "Passed",
          "StepText": "And Add"
        },
        {
          "$id": "142",
          "StartTime": "2019-01-25T20:38:18.8918923+00:00",
          "EndTime": "2019-01-25T20:38:18.8923725+00:00",
          "_stepType": "When",
          "TimeTaken": "0.00:00:00:0004802",
          "Exception": null,
          "Output": "",
          "Status": "Passed",
          "StepText": "When Add"
        },
        {
          "$id": "143",
          "StartTime": "2019-01-25T20:38:18.8924241+00:00",
          "EndTime": "2019-01-25T20:38:18.8959576+00:00",
          "_stepType": "Then",
          "TimeTaken": "0.00:00:00:0035335",
          "Exception": null,
          "Output": "",
          "Status": "Passed",
          "StepText": "Then Number should be"
        }
      ],
      "Output": "",
      "Status": "Passed"
    },
    {
      "$id": "144",
      "StartTime": "2019-01-25T20:38:18.9047035+00:00",
      "EndTime": "2019-01-25T20:38:19.8958188+00:00",
      "StoryText": null,
      "ScenarioText": {
        "$id": "145",
        "Scenario": "Test 1"
      },
      "TimeTaken": "0.00:00:00:9911153",
      "Steps": [
        {
          "$id": "146",
          "StartTime": "2019-01-25T20:38:18.9047206+00:00",
          "EndTime": "2019-01-25T20:38:19.1193071+00:00",
          "_stepType": "Given",
          "TimeTaken": "0.00:00:00:2145865",
          "Exception": null,
          "Output": "",
          "Status": "Passed",
          "StepText": "Given Something"
        },
        {
          "$id": "147",
          "StartTime": "2019-01-25T20:38:19.119372+00:00",
          "EndTime": "2019-01-25T20:38:19.6040132+00:00",
          "_stepType": "When",
          "TimeTaken": "0.00:00:00:4846412",
          "Exception": null,
          "Output": "",
          "Status": "Passed",
          "StepText": "When Something"
        },
        {
          "$id": "148",
          "StartTime": "2019-01-25T20:38:19.6040698+00:00",
          "EndTime": "2019-01-25T20:38:19.8957535+00:00",
          "_stepType": "Then",
          "TimeTaken": "0.00:00:00:2916837",
          "Exception": null,
          "Output": "",
          "Status": "Passed",
          "StepText": "Then Something"
        }
      ],
      "Output": "",
      "Status": "Passed"
    },
    {
      "$id": "149",
      "StartTime": "2019-01-25T20:38:19.9513545+00:00",
      "EndTime": "2019-01-25T20:38:19.9531328+00:00",
      "StoryText": {
        "$id": "150",
        "Story": "As a Test User\r\nI want To Test using the Test Builder\r\nSo that Things Work\r\n"
      },
      "ScenarioText": {
        "$id": "151",
        "Scenario": "Not implemented test"
      },
      "TimeTaken": "0.00:00:00:0017783",
      "Steps": [
        {
          "$id": "152",
          "StartTime": "2019-01-25T20:38:19.95138+00:00",
          "EndTime": "2019-01-25T20:38:19.9516697+00:00",
          "_stepType": "Given",
          "TimeTaken": "0.00:00:00:0002897",
          "Exception": null,
          "Output": "",
          "Status": "Passed",
          "StepText": "Given Add"
        },
        {
          "$id": "153",
          "StartTime": "2019-01-25T20:38:19.9517807+00:00",
          "EndTime": "2019-01-25T20:38:19.9520302+00:00",
          "_stepType": "When",
          "TimeTaken": "0.00:00:00:0002495",
          "Exception": null,
          "Output": "",
          "Status": "Passed",
          "StepText": "When Add"
        },
        {
          "$id": "154",
          "StartTime": "2019-01-25T20:38:19.9521439+00:00",
          "EndTime": "2019-01-25T20:38:19.9523776+00:00",
          "_stepType": "Then",
          "TimeTaken": "0.00:00:00:0002337",
          "Exception": null,
          "Output": "",
          "Status": "Passed",
          "StepText": "Then Add"
        },
        {
          "$id": "155",
          "StartTime": "2019-01-25T20:38:19.9525206+00:00",
          "EndTime": "2019-01-25T20:38:19.9528719+00:00",
          "_stepType": "AndThen",
          "TimeTaken": "0.00:00:00:0003513",
          "Exception": {
            "$id": "156",
            "ClassName": "System.NotImplementedException",
            "Message": "The method or operation is not implemented.",
            "Data": null,
            "InnerException": null,
            "HelpURL": null,
            "StackTraceString": "   at TestTester.TestsUsingBuilder.NotImplemented(TestContext context) in C:\\GitKraken\\BDTest\\TestTester\\TestsUsingBuilder.cs:line 68\r\n   at BDTest.Test.Step.<Execute>b__25_0()\r\n   at System.Threading.ExecutionContext.RunInternal(ExecutionContext executionContext, ContextCallback callback, Object state)\r\n--- End of stack trace from previous location where exception was thrown ---\r\n   at System.Threading.Tasks.Task.ExecuteWithThreadLocal(Task& currentTaskSlot)",
            "RemoteStackTraceString": null,
            "RemoteStackIndex": 0,
            "ExceptionMethod": null,
            "HResult": -2147467263,
            "Source": "TestTester",
            "WatsonBuckets": null
          },
          "Output": "",
          "Status": "NotImplemented",
          "StepText": "And Not implemented"
        }
      ],
      "Output": "",
      "Status": "Failed"
    }
  ],
  "Warnings": {
    "$id": "157",
    "NonExecutedTests": [],
    "StoppedEarlyTests": []
  }
}